SECCION,TIPO DE SECCION,TIPO DE COLONIA,NOMBRE DE LA COLONIA,CP,DISTRITO_FEDERAL,DISTRITO_LOCAL,MUNICIPIO,NOMBRE_MUNICIPIO
4211,URBANO(A),COLONIA,AMPL OZUMBILLA,55760,5,22,82,TECAMAC
4211,URBANO(A),COLONIA,LOMA BONITA,55767,5,22,82,TECAMAC
4230,URBANO(A),COLONIA,LA LUPITA ( SAN PEDRO ATZOMPA ),55770,5,22,82,TECAMAC
4230,URBANO(A),FRACCIONAMIENTO,RINCONADA DE SAN PEDRO,55770,5,22,82,TECAMAC
4230,URBANO(A),PUEBLO,SAN PEDRO ATZOMPA,55770,5,22,82,TECAMAC
4232,URBANO(A),FRACCIONAMIENTO,HACIENDA OJO DE AGUA,55770,5,22,82,TECAMAC
4233,URBANO(A),PUEBLO,SAN PEDRO ATZOMPA,55770,5,22,82,TECAMAC
4234,URBANO(A),FRACCIONAMIENTO,OJO DE AGUA,55770,5,22,82,TECAMAC
4234,URBANO(A),PUEBLO,SAN PEDRO ATZOMPA,55770,5,22,82,TECAMAC
4248,URBANO(A),COLONIA,AMPL OZUMBILLA,55760,5,22,82,TECAMAC
4248,URBANO(A),COLONIA,JARDIN AMPL OZUMBILLA,55760,5,22,82,TECAMAC
4249,URBANO(A),COLONIA,AMPL OZUMBILLA,55760,5,22,82,TECAMAC
4250,URBANO(A),COLONIA,LOMA BONITA,55767,5,22,82,TECAMAC
4253,URBANO(A),COLONIA,SANTA CRUZ,55770,5,22,82,TECAMAC
4254,URBANO(A),COLONIA,LA ESMERALDA,55765,5,22,82,TECAMAC
4254,URBANO(A),COLONIA,LOMA BONITA,55767,5,22,82,TECAMAC
4255,URBANO(A),COLONIA,LOMA BONITA,55767,5,22,82,TECAMAC
2243,MIXTO(A),COLONIA,LOPEZ MATEOS,55780,20,22,45,JALTENCO
2243,MIXTO(A),PUEBLO,SAN ANDRES JALTENCO,55780,20,22,45,JALTENCO
2243,MIXTO(A),BARRIO,SAN MARTIN,55780,20,22,45,JALTENCO
2244,MIXTO(A),COLONIA,ATXOPILCO,55780,20,22,45,JALTENCO
2244,MIXTO(A),BARRIO,DE CUAHUALCO,55780,20,22,45,JALTENCO
2244,MIXTO(A),COLONIA,LAZARO CARDENAS,55780,20,22,45,JALTENCO
2244,MIXTO(A),PUEBLO,SAN ANDRES JALTENCO,55780,20,22,45,JALTENCO
2244,MIXTO(A),BARRIO,SAN MARTIN,55780,20,22,45,JALTENCO
2245,MIXTO(A),PUEBLO,SAN ANDRES JALTENCO,55780,20,22,45,JALTENCO
2245,MIXTO(A),BARRIO,SAN SEBASTIAN,55780,20,22,45,JALTENCO
2246,RURAL,COLONIA,LA LAGUNILLA,55780,20,22,45,JALTENCO
2250,URBANO(A),UNIDAD HABITACIONAL,ALBORADA JALTENCO,55780,20,22,45,JALTENCO
2250,URBANO(A),UNIDAD HABITACIONAL,BAHIAS DE JALTENCO,55780,20,22,45,JALTENCO
2251,URBANO(A),UNIDAD HABITACIONAL,ALBORADA JALTENCO,55780,20,22,45,JALTENCO
2252,URBANO(A),UNIDAD HABITACIONAL,ALBORADA JALTENCO,55780,20,22,45,JALTENCO
2253,URBANO(A),UNIDAD HABITACIONAL,ALBORADA JALTENCO,55780,20,22,45,JALTENCO
2254,URBANO(A),UNIDAD HABITACIONAL,ALBORADA JALTENCO,55780,20,22,45,JALTENCO
2255,URBANO(A),UNIDAD HABITACIONAL,ALBORADA JALTENCO,55780,20,22,45,JALTENCO
2256,URBANO(A),UNIDAD HABITACIONAL,ALBORADA JALTENCO,55780,20,22,45,JALTENCO
2257,URBANO(A),UNIDAD HABITACIONAL,ALBORADA JALTENCO,55780,20,22,45,JALTENCO
2257,URBANO(A),COLONIA,UNION PROVIVIENDA,55780,20,22,45,JALTENCO
2258,URBANO(A),UNIDAD HABITACIONAL,ALBORADA JALTENCO,55780,20,22,45,JALTENCO
2259,URBANO(A),UNIDAD HABITACIONAL,ALBORADA JALTENCO,55780,20,22,45,JALTENCO
2259,URBANO(A),FRACCIONAMIENTO,PRIVADAS DEL SOL,54930,20,22,45,JALTENCO
2259,URBANO(A),FRACCIONAMIENTO,PRIVADAS DEL SOL,55780,20,22,45,JALTENCO
3036,MIXTO(A),BARRIO,CENTRAL,55790,20,22,59,NEXTLALPAN
3036,MIXTO(A),BARRIO,SAN JUAN ATENANCO,55790,20,22,59,NEXTLALPAN
3036,MIXTO(A),BARRIO,SANTIAGO ATOCAN,55790,20,22,59,NEXTLALPAN
3037,URBANO(A),BARRIO,SAN ESTEBAN ECATITLAN,55790,20,22,59,NEXTLALPAN
3037,URBANO(A),BARRIO,SAN FRANCISCO MOLONCO,55790,20,22,59,NEXTLALPAN
3038,URBANO(A),COLONIA,LAS MALVINAS,55790,20,22,59,NEXTLALPAN
3038,URBANO(A),BARRIO,SAN ESTEBAN ECATITLAN,55790,20,22,59,NEXTLALPAN
3038,URBANO(A),BARRIO,SAN FRANCISCO MOLONCO,55790,20,22,59,NEXTLALPAN
3038,URBANO(A),BARRIO,SAN PEDRO MILTENCO,55790,20,22,59,NEXTLALPAN
3039,URBANO(A),BARRIO,SAN ESTEBAN ECATITLAN,55790,20,22,59,NEXTLALPAN
3039,URBANO(A),BARRIO,SAN FRANCISCO MOLONCO,55790,20,22,59,NEXTLALPAN
3039,URBANO(A),AMPLIACION,SAN PEDRO MILTENCO,55790,20,22,59,NEXTLALPAN
3040,URBANO(A),BARRIO,CENTRAL,55790,20,22,59,NEXTLALPAN
3040,URBANO(A),BARRIO,SAN ESTEBAN ECATITLAN,55790,20,22,59,NEXTLALPAN
3040,URBANO(A),BARRIO,SAN PEDRO MILTENCO,55790,20,22,59,NEXTLALPAN
3041,RURAL,COLONIA,4 CABALLERIAS,55636,20,22,59,NEXTLALPAN
3041,RURAL,PUEBLO,PUEBLO NUEVO DE LOS MORELOS,55636,20,22,59,NEXTLALPAN
3041,RURAL,BARRIO,SAN MATEO ACUITLAPILCO,55790,20,22,59,NEXTLALPAN
3042,URBANO(A),PUEBLO,SAN MIGUEL XALTOCAN,55790,20,22,59,NEXTLALPAN
3043,URBANO(A),PUEBLO,SAN MIGUEL XALTOCAN,55790,20,22,59,NEXTLALPAN
3045,RURAL,COLONIA,LOS AGUILUCHOS,55790,20,22,59,NEXTLALPAN
3045,RURAL,COLONIA,PRADOS DE SAN FRANCISCO,55790,20,22,59,NEXTLALPAN
3045,RURAL,AMPLIACION,PRADOS SAN FRANCISCO,55790,20,22,59,NEXTLALPAN
6923,URBANO(A),FRACCIONAMIENTO,EX HACIENDA SANTA INES,55790,20,22,59,NEXTLALPAN
6924,URBANO(A),FRACCIONAMIENTO,EX HACIENDA SANTA INES,55790,20,22,59,NEXTLALPAN
6924,URBANO(A),COLONIA,FRACCION XVII,55790,20,22,59,NEXTLALPAN
6924,URBANO(A),FRACCIONAMIENTO,JARDINES DE SANTA INES,55790,20,22,59,NEXTLALPAN
6924,URBANO(A),FRACCIONAMIENTO,PASEOS DEL VALLE,55796,20,22,59,NEXTLALPAN
6924,URBANO(A),FRACCIONAMIENTO,PASEOS DEL VALLE B,55796,20,22,59,NEXTLALPAN
6925,MIXTO(A),FRACCIONAMIENTO,EX HACIENDA SANTA INES,55790,20,22,59,NEXTLALPAN
6926,URBANO(A),FRACCIONAMIENTO,EX HACIENDA SANTA INES,55790,20,22,59,NEXTLALPAN
6926,URBANO(A),COLONIA,FRACCION XVII,55790,20,22,59,NEXTLALPAN
6926,URBANO(A),FRACCIONAMIENTO,JARDINES DE SANTA INES,55790,20,22,59,NEXTLALPAN
6927,URBANO(A),FRACCIONAMIENTO,EX HACIENDA SANTA INES,55790,20,22,59,NEXTLALPAN
6927,URBANO(A),COLONIA,FRACCION XVII,55790,20,22,59,NEXTLALPAN
6927,URBANO(A),FRACCIONAMIENTO,JARDINES DE SANTA INES,55790,20,22,59,NEXTLALPAN
6927,URBANO(A),FRACCIONAMIENTO,PASEOS DEL VALLE B,55796,20,22,59,NEXTLALPAN
6927,URBANO(A),COLONIA,POZOS Y VIAS,55790,20,22,59,NEXTLALPAN
6928,URBANO(A),FRACCIONAMIENTO,EX HACIENDA SANTA INES,55790,20,22,59,NEXTLALPAN
6928,URBANO(A),FRACCIONAMIENTO,PASEOS DEL VALLE,55790,20,22,59,NEXTLALPAN
6928,URBANO(A),FRACCIONAMIENTO,PASEOS DEL VALLE,55796,20,22,59,NEXTLALPAN
6928,URBANO(A),FRACCIONAMIENTO,PASEOS DEL VALLE B,55796,20,22,59,NEXTLALPAN
6929,URBANO(A),FRACCIONAMIENTO,EX HACIENDA SANTA INES,55790,20,22,59,NEXTLALPAN
6929,URBANO(A),COLONIA,LA CRUZ,55789,20,22,59,NEXTLALPAN
6929,URBANO(A),FRACCIONAMIENTO,PASEOS DEL VALLE,55796,20,22,59,NEXTLALPAN
6929,URBANO(A),COLONIA,RANCHO DE MORA,55789,20,22,59,NEXTLALPAN
6929,URBANO(A),FRACCIONAMIENTO,VILLAS DE NEXTLALPAN,55796,20,22,59,NEXTLALPAN
4235,URBANO(A),FRACCIONAMIENTO,OJO DE AGUA,55770,20,22,82,TECAMAC
4236,URBANO(A),FRACCIONAMIENTO,OJO DE AGUA,55770,20,22,82,TECAMAC
4237,URBANO(A),FRACCIONAMIENTO,OJO DE AGUA,55770,20,22,82,TECAMAC
4238,URBANO(A),FRACCIONAMIENTO,OJO DE AGUA,55770,20,22,82,TECAMAC
4239,URBANO(A),FRACCIONAMIENTO,HACIENDA OJO DE AGUA,55770,20,22,82,TECAMAC
4239,URBANO(A),FRACCIONAMIENTO,OJO DE AGUA,55770,20,22,82,TECAMAC
4240,URBANO(A),FRACCIONAMIENTO,HACIENDA OJO DE AGUA,55770,20,22,82,TECAMAC
4240,URBANO(A),COLONIA,LOS ARCOS,55767,20,22,82,TECAMAC
4240,URBANO(A),FRACCIONAMIENTO,REAL CARRARA,55767,20,22,82,TECAMAC
4240,URBANO(A),CONJUNTO HABITACIONAL,REAL CASTELL,55767,20,22,82,TECAMAC
4242,URBANO(A),FRACCIONAMIENTO,OJO DE AGUA,55770,20,22,82,TECAMAC
4243,URBANO(A),FRACCIONAMIENTO,OJO DE AGUA,55770,20,22,82,TECAMAC
4244,URBANO(A),FRACCIONAMIENTO,OJO DE AGUA,55770,20,22,82,TECAMAC
4245,URBANO(A),COLONIA,JARDINES RANCHO AEREO,55770,20,22,82,TECAMAC
4245,URBANO(A),FRACCIONAMIENTO,OJO DE AGUA,55770,20,22,82,TECAMAC
6264,URBANO(A),COLONIA,AMPL ESMERALDA,55765,20,22,82,TECAMAC
6265,URBANO(A),CONJUNTO HABITACIONAL,LOS HEROES TECAMAC II SECC JARDINES,55764,20,22,82,TECAMAC
6266,URBANO(A),CONJUNTO HABITACIONAL,LOS HEROES TECAMAC II SECC JARDINES,55764,20,22,82,TECAMAC
6267,URBANO(A),CONJUNTO HABITACIONAL,LOS HEROES TECAMAC II SECC JARDINES,55764,20,22,82,TECAMAC
6268,URBANO(A),CONJUNTO HABITACIONAL,LOS HEROES TECAMAC II SECC JARDINES,55764,20,22,82,TECAMAC
6269,URBANO(A),CONJUNTO HABITACIONAL,LOS HEROES TECAMAC II SECC JARDINES,55764,20,22,82,TECAMAC
6270,URBANO(A),CONJUNTO HABITACIONAL,LOS HEROES TECAMAC II SECC JARDINES,55764,20,22,82,TECAMAC
6271,URBANO(A),CONJUNTO HABITACIONAL,LOS HEROES TECAMAC II SECC JARDINES,55764,20,22,82,TECAMAC
6272,URBANO(A),CONJUNTO HABITACIONAL,LOS HEROES TECAMAC II SECC JARDINES,55764,20,22,82,TECAMAC
6273,URBANO(A),CONJUNTO HABITACIONAL,LOS HEROES TECAMAC II SECC JARDINES,55764,20,22,82,TECAMAC
6274,URBANO(A),CONJUNTO HABITACIONAL,LOS HEROES TECAMAC II SECC JARDINES,55764,20,22,82,TECAMAC
6275,URBANO(A),CONJUNTO HABITACIONAL,LOS HEROES TECAMAC SECC LAS FLORES,55764,20,22,82,TECAMAC
6276,URBANO(A),CONJUNTO HABITACIONAL,LOS HEROES TECAMAC SECC LAS FLORES,55764,20,22,82,TECAMAC
6277,URBANO(A),CONJUNTO HABITACIONAL,LOS HEROES TECAMAC,55763,20,22,82,TECAMAC
6278,URBANO(A),CONJUNTO HABITACIONAL,LOS HEROES TECAMAC,55763,20,22,82,TECAMAC
6279,URBANO(A),CONJUNTO HABITACIONAL,LOS HEROES TECAMAC,55763,20,22,82,TECAMAC
6280,URBANO(A),CONJUNTO HABITACIONAL,LOS HEROES TECAMAC,55763,20,22,82,TECAMAC
6281,URBANO(A),CONJUNTO HABITACIONAL,LOS HEROES TECAMAC,55763,20,22,82,TECAMAC
6282,URBANO(A),CONJUNTO HABITACIONAL,LOS HEROES TECAMAC,55763,20,22,82,TECAMAC
6283,URBANO(A),CONJUNTO HABITACIONAL,LOS HEROES TECAMAC,55763,20,22,82,TECAMAC
6284,URBANO(A),CONJUNTO HABITACIONAL,LOS HEROES TECAMAC,55763,20,22,82,TECAMAC
6285,URBANO(A),CONJUNTO HABITACIONAL,LOS HEROES TECAMAC,55763,20,22,82,TECAMAC
6286,URBANO(A),CONJUNTO HABITACIONAL,LOS HEROES TECAMAC,55763,20,22,82,TECAMAC
6287,URBANO(A),CONJUNTO HABITACIONAL,LOS HEROES TECAMAC,55763,20,22,82,TECAMAC
6288,URBANO(A),CONJUNTO HABITACIONAL,LOS HEROES TECAMAC SECC LAS FLORES,55764,20,22,82,TECAMAC
6289,URBANO(A),CONJUNTO HABITACIONAL,LOS HEROES TECAMAC SECC LAS FLORES,55764,20,22,82,TECAMAC
6291,URBANO(A),CONJUNTO HABITACIONAL,LOS HEROES TECAMAC II BOSQUES SECC VI,55764,20,22,82,TECAMAC
6291,URBANO(A),CONJUNTO HABITACIONAL,LOS HEROES TECAMAC II BOSQUES SECC VII,55764,20,22,82,TECAMAC
6292,URBANO(A),CONJUNTO HABITACIONAL,LOS HEROES TECAMAC,55763,20,22,82,TECAMAC
6292,URBANO(A),CONJUNTO HABITACIONAL,LOS HEROES TECAMAC II BOSQUES SECC VII,55764,20,22,82,TECAMAC
6293,URBANO(A),CONJUNTO HABITACIONAL,LOS HEROES TECAMAC,55763,20,22,82,TECAMAC
6294,URBANO(A),CONJUNTO HABITACIONAL,LOS HEROES TECAMAC,55763,20,22,82,TECAMAC
6295,URBANO(A),CONJUNTO HABITACIONAL,LOS HEROES TECAMAC,55763,20,22,82,TECAMAC
6296,URBANO(A),CONJUNTO HABITACIONAL,LOS HEROES TECAMAC,55763,20,22,82,TECAMAC
6297,URBANO(A),CONJUNTO HABITACIONAL,LOS HEROES TECAMAC,55763,20,22,82,TECAMAC
6298,URBANO(A),CONJUNTO HABITACIONAL,LOS HEROES TECAMAC,55763,20,22,82,TECAMAC
6298,URBANO(A),CONJUNTO HABITACIONAL,LOS HEROES TECAMAC SECCION 6,55765,20,22,82,TECAMAC
6299,URBANO(A),CONJUNTO HABITACIONAL,LOS HEROES TECAMAC,55763,20,22,82,TECAMAC
6300,URBANO(A),CONJUNTO HABITACIONAL,LOS HEROES TECAMAC,55763,20,22,82,TECAMAC
6301,URBANO(A),CONJUNTO HABITACIONAL,LOS HEROES TECAMAC,55763,20,22,82,TECAMAC
6302,URBANO(A),CONJUNTO HABITACIONAL,LOS HEROES TECAMAC,55763,20,22,82,TECAMAC
6303,URBANO(A),CONJUNTO HABITACIONAL,LOS HEROES TECAMAC,55763,20,22,82,TECAMAC
6304,URBANO(A),CONJUNTO HABITACIONAL,LOS HEROES TECAMAC,55763,20,22,82,TECAMAC
6305,URBANO(A),CONJUNTO HABITACIONAL,LOS HEROES TECAMAC,55763,20,22,82,TECAMAC
6306,URBANO(A),CONJUNTO HABITACIONAL,LOS HEROES TECAMAC,55763,20,22,82,TECAMAC
6307,URBANO(A),CONJUNTO HABITACIONAL,LOS HEROES TECAMAC,55763,20,22,82,TECAMAC
6307,URBANO(A),CONJUNTO HABITACIONAL,LOS HEROES TECAMAC II BOSQUES SECC VII,55764,20,22,82,TECAMAC
6308,URBANO(A),CONJUNTO HABITACIONAL,LOS HEROES TECAMAC II BOSQUES SECC VI,55764,20,22,82,TECAMAC
6309,URBANO(A),CONJUNTO HABITACIONAL,LOS HEROES TECAMAC II BOSQUES SECC VI,55764,20,22,82,TECAMAC
6310,URBANO(A),CONJUNTO HABITACIONAL,LOS HEROES TECAMAC II BOSQUES SECC VI,55764,20,22,82,TECAMAC
6311,URBANO(A),CONJUNTO HABITACIONAL,LOS HEROES TECAMAC II BOSQUES SECC II,55764,20,22,82,TECAMAC
6311,URBANO(A),COLONIA,LOS HEROES TECAMAC II BOSQUES SECC III,55764,20,22,82,TECAMAC
6312,URBANO(A),CONJUNTO HABITACIONAL,LOS HEROES TECAMAC II BOSQUES SECC II,55764,20,22,82,TECAMAC
6313,URBANO(A),CONJUNTO HABITACIONAL,LOS HEROES TECAMAC II BOSQUES SECC VI,55764,20,22,82,TECAMAC
6314,URBANO(A),CONJUNTO HABITACIONAL,LOS HEROES TECAMAC II BOSQUES SECC I,55764,20,22,82,TECAMAC
6315,URBANO(A),CONJUNTO HABITACIONAL,LOS HEROES TECAMAC II BOSQUES SECC I,55764,20,22,82,TECAMAC
6316,URBANO(A),CONJUNTO HABITACIONAL,LOS HEROES TECAMAC II BOSQUES SECC I,55764,20,22,82,TECAMAC
6317,URBANO(A),CONJUNTO HABITACIONAL,LOS HEROES TECAMAC II BOSQUES SECC I,55764,20,22,82,TECAMAC
6318,URBANO(A),CONJUNTO HABITACIONAL,LOS HEROES TECAMAC II BOSQUES SECC I,55764,20,22,82,TECAMAC
6319,URBANO(A),CONJUNTO HABITACIONAL,LOS HEROES TECAMAC II BOSQUES SECC I,55764,20,22,82,TECAMAC
6320,URBANO(A),CONJUNTO HABITACIONAL,LOS HEROES TECAMAC,55763,20,22,82,TECAMAC
6321,URBANO(A),CONJUNTO HABITACIONAL,LOS HEROES TECAMAC,55763,20,22,82,TECAMAC
6322,URBANO(A),CONJUNTO HABITACIONAL,LOS HEROES TECAMAC,55763,20,22,82,TECAMAC
6323,URBANO(A),CONJUNTO HABITACIONAL,LOS HEROES TECAMAC,55763,20,22,82,TECAMAC
6324,URBANO(A),CONJUNTO HABITACIONAL,LOS HEROES TECAMAC,55763,20,22,82,TECAMAC
6325,URBANO(A),CONJUNTO HABITACIONAL,LOS HEROES TECAMAC,55763,20,22,82,TECAMAC
6326,URBANO(A),CONJUNTO HABITACIONAL,LOS HEROES TECAMAC,55763,20,22,82,TECAMAC
6327,URBANO(A),CONJUNTO HABITACIONAL,LOS HEROES TECAMAC,55763,20,22,82,TECAMAC
6328,URBANO(A),CONJUNTO HABITACIONAL,LOS HEROES TECAMAC,55763,20,22,82,TECAMAC
6329,URBANO(A),CONJUNTO HABITACIONAL,LOS HEROES TECAMAC,55763,20,22,82,TECAMAC
6330,URBANO(A),CONJUNTO HABITACIONAL,LOS HEROES TECAMAC,55763,20,22,82,TECAMAC
6331,URBANO(A),CONJUNTO HABITACIONAL,LOS HEROES TECAMAC,55763,20,22,82,TECAMAC
6332,URBANO(A),CONJUNTO HABITACIONAL,LOS HEROES TECAMAC,55763,20,22,82,TECAMAC
6333,URBANO(A),CONJUNTO HABITACIONAL,LOS HEROES TECAMAC,55763,20,22,82,TECAMAC
6334,URBANO(A),CONJUNTO HABITACIONAL,LOS HEROES TECAMAC,55763,20,22,82,TECAMAC
6335,URBANO(A),CONJUNTO HABITACIONAL,LOS HEROES TECAMAC,55763,20,22,82,TECAMAC
6336,URBANO(A),CONJUNTO HABITACIONAL,LOS HEROES TECAMAC,55763,20,22,82,TECAMAC
6337,URBANO(A),CONJUNTO HABITACIONAL,LOS HEROES TECAMAC,55763,20,22,82,TECAMAC
6338,URBANO(A),CONJUNTO HABITACIONAL,LOS HEROES TECAMAC,55763,20,22,82,TECAMAC
6339,URBANO(A),CONJUNTO HABITACIONAL,LOS HEROES TECAMAC,55763,20,22,82,TECAMAC
6340,URBANO(A),CONJUNTO HABITACIONAL,LOS HEROES TECAMAC,55763,20,22,82,TECAMAC
6341,URBANO(A),CONJUNTO HABITACIONAL,LOS HEROES TECAMAC,55763,20,22,82,TECAMAC
6342,URBANO(A),CONJUNTO HABITACIONAL,LOS HEROES TECAMAC,55763,20,22,82,TECAMAC
6343,URBANO(A),CONJUNTO HABITACIONAL,LOS HEROES TECAMAC,55763,20,22,82,TECAMAC
6344,URBANO(A),CONJUNTO HABITACIONAL,LOS HEROES TECAMAC,55763,20,22,82,TECAMAC
6345,URBANO(A),CONJUNTO HABITACIONAL,LOS HEROES TECAMAC,55763,20,22,82,TECAMAC
6346,URBANO(A),CONJUNTO HABITACIONAL,LOS HEROES TECAMAC,55763,20,22,82,TECAMAC
6347,URBANO(A),CONJUNTO HABITACIONAL,LOS HEROES TECAMAC,55763,20,22,82,TECAMAC
6348,URBANO(A),CONJUNTO HABITACIONAL,LOS HEROES TECAMAC,55763,20,22,82,TECAMAC
6349,URBANO(A),CONJUNTO HABITACIONAL,LOS HEROES TECAMAC,55763,20,22,82,TECAMAC
6350,URBANO(A),CONJUNTO HABITACIONAL,LOS HEROES TECAMAC,55763,20,22,82,TECAMAC
6351,URBANO(A),CONJUNTO HABITACIONAL,LOS HEROES TECAMAC,55763,20,22,82,TECAMAC
6546,URBANO(A),CONJUNTO HABITACIONAL,VILLAS II,55770,20,22,82,TECAMAC
6547,URBANO(A),CONJUNTO HABITACIONAL,REAL VIZCAYA,55770,20,22,82,TECAMAC
6547,URBANO(A),CONJUNTO HABITACIONAL,VALLE SAN PEDRO,55767,20,22,82,TECAMAC
6548,URBANO(A),CONJUNTO HABITACIONAL,LAS TORRES,55770,20,22,82,TECAMAC
6548,URBANO(A),FRACCIONAMIENTO,OJO DE AGUA,55770,20,22,82,TECAMAC
6548,URBANO(A),CONJUNTO HABITACIONAL,REAL DEL SOL,55767,20,22,82,TECAMAC
6548,URBANO(A),FRACCIONAMIENTO,REAL FIRENZE,55767,20,22,82,TECAMAC
6548,URBANO(A),CONJUNTO HABITACIONAL,REAL TOSCANA,55767,20,22,82,TECAMAC
6548,URBANO(A),CONJUNTO HABITACIONAL,REAL VIZCAYA,55770,20,22,82,TECAMAC
6549,URBANO(A),FRACCIONAMIENTO,OJO DE AGUA,55770,20,22,82,TECAMAC
6549,URBANO(A),CONJUNTO HABITACIONAL,REAL TOSCANA,55767,20,22,82,TECAMAC
6549,URBANO(A),CONJUNTO HABITACIONAL,REAL VIZCAYA,55770,20,22,82,TECAMAC
6550,URBANO(A),CONJUNTO HABITACIONAL,REAL DEL SOL,55767,20,22,82,TECAMAC
6551,URBANO(A),COLONIA,CERRITOS,55765,20,22,82,TECAMAC
6551,URBANO(A),FRACCIONAMIENTO,COLINAS DE OJO DE AGUA,55760,20,22,82,TECAMAC
6551,URBANO(A),FRACCIONAMIENTO,PASEOS DEL BOSQUE 2,55767,20,22,82,TECAMAC
6551,URBANO(A),FRACCIONAMIENTO,QUINTA VERSALLES,55667,20,22,82,TECAMAC
6551,URBANO(A),COLONIA,REAL ALCAL,55767,20,22,82,TECAMAC
6551,URBANO(A),CONJUNTO HABITACIONAL,REAL DEL SOL,55767,20,22,82,TECAMAC
6551,URBANO(A),FRACCIONAMIENTO,REAL FIRENZE,55767,20,22,82,TECAMAC
6551,URBANO(A),CONJUNTO HABITACIONAL,VALLE SAN PEDRO,55767,20,22,82,TECAMAC
6552,URBANO(A),CONJUNTO HABITACIONAL,VALLE SAN PEDRO,55767,20,22,82,TECAMAC
6553,URBANO(A),FRACCIONAMIENTO,REAL FIRENZE,55767,20,22,82,TECAMAC
6554,URBANO(A),CONJUNTO HABITACIONAL,VALLE SAN PEDRO,55767,20,22,82,TECAMAC
6555,URBANO(A),FRACCIONAMIENTO,BOSQUES DE LOS HEROES,55767,20,22,82,TECAMAC
6555,URBANO(A),CONJUNTO HABITACIONAL,VALLE SAN PEDRO,55767,20,22,82,TECAMAC
6556,URBANO(A),FRACCIONAMIENTO,PASEOS DEL BOSQUE 2,55767,20,22,82,TECAMAC
6556,URBANO(A),CONJUNTO HABITACIONAL,VALLE SAN PEDRO,55767,20,22,82,TECAMAC
6557,URBANO(A),CONJUNTO HABITACIONAL,VALLE SAN PEDRO,55767,20,22,82,TECAMAC
6558,URBANO(A),COLONIA,CERRITOS,55765,20,22,82,TECAMAC
6558,URBANO(A),FRACCIONAMIENTO,PASEOS DEL BOSQUE 2,55767,20,22,82,TECAMAC
6558,URBANO(A),FRACCIONAMIENTO,QUINTA VERSALLES,55667,20,22,82,TECAMAC
6558,URBANO(A),CONJUNTO HABITACIONAL,REAL ALCAZAR,55765,20,22,82,TECAMAC
6558,URBANO(A),CONJUNTO HABITACIONAL,REAL VERONA,55767,20,22,82,TECAMAC
6559,URBANO(A),FRACCIONAMIENTO,CERRITOS,55765,20,22,82,TECAMAC
6559,URBANO(A),COLONIA,CERRITOS,55765,20,22,82,TECAMAC
6559,URBANO(A),CONJUNTO HABITACIONAL,REAL DEL CID,55770,20,22,82,TECAMAC
6560,URBANO(A),CONJUNTO HABITACIONAL,REAL VERONA,55767,20,22,82,TECAMAC
6561,URBANO(A),CONJUNTO HABITACIONAL,REAL VERONA,55767,20,22,82,TECAMAC
6562,URBANO(A),CONJUNTO HABITACIONAL,REAL VERONA,55767,20,22,82,TECAMAC
6563,URBANO(A),CONJUNTO HABITACIONAL,REAL DEL CID,55770,20,22,82,TECAMAC
6564,URBANO(A),CONJUNTO HABITACIONAL,REAL VERONA,55767,20,22,82,TECAMAC
6565,URBANO(A),CONJUNTO HABITACIONAL,REAL DEL CID,55770,20,22,82,TECAMAC
6566,URBANO(A),CONJUNTO HABITACIONAL,LOS HEROES TECAMAC SECC OZUMBILLA,55764,20,22,82,TECAMAC
6566,URBANO(A),CONJUNTO HABITACIONAL,PUNTA PALERMO,55767,20,22,82,TECAMAC
6567,URBANO(A),CONJUNTO HABITACIONAL,REAL DEL CID,55770,20,22,82,TECAMAC
6568,URBANO(A),CONJUNTO HABITACIONAL,LOS HEROES TECAMAC SECC OZUMBILLA,55764,20,22,82,TECAMAC
6569,URBANO(A),CONJUNTO HABITACIONAL,LOS HEROES TECAMAC II SECC JARDINES,55764,20,22,82,TECAMAC
6569,URBANO(A),COLONIA,NUEVO PARAISO,55764,20,22,82,TECAMAC
6569,URBANO(A),CONJUNTO HABITACIONAL,PUNTA PALERMO,55767,20,22,82,TECAMAC
6569,URBANO(A),CONJUNTO HABITACIONAL,REAL DEL CID,55770,20,22,82,TECAMAC
6570,URBANO(A),CONJUNTO HABITACIONAL,LOS HEROES TECAMAC SECC OZUMBILLA,55764,20,22,82,TECAMAC
6571,URBANO(A),CONJUNTO HABITACIONAL,LOS HEROES TECAMAC SECC OZUMBILLA,55764,20,22,82,TECAMAC
6572,URBANO(A),CONJUNTO HABITACIONAL,LOS HEROES TECAMAC SECC LAS FLORES,55764,20,22,82,TECAMAC
6572,URBANO(A),COLONIA,MARGARITO F AYALA,55068,20,22,82,TECAMAC
6572,URBANO(A),COLONIA,NUEVO PARAISO,55764,20,22,82,TECAMAC
6573,URBANO(A),COLONIA,HEROES TECAMAC II BOSQUES SECC IV,55765,20,22,82,TECAMAC
6573,URBANO(A),COLONIA,LOS HEROES TECAMAC II BOSQUES SECC V,55764,20,22,82,TECAMAC
6574,URBANO(A),COLONIA,HEROES TECAMAC II BOSQUES SECC IV,55765,20,22,82,TECAMAC
6574,URBANO(A),COLONIA,LOS HEROES TECAMAC II BOSQUES SECC V,55764,20,22,82,TECAMAC
6575,URBANO(A),COLONIA,HEROES TECAMAC II BOSQUES SECC IV,55765,20,22,82,TECAMAC
6575,URBANO(A),COLONIA,LOS HEROES TECAMAC II BOSQUES SECC III,55764,20,22,82,TECAMAC
6575,URBANO(A),COLONIA,LOS HEROES TECAMAC II BOSQUES SECC V,55764,20,22,82,TECAMAC
6576,URBANO(A),COLONIA,HEROES TECAMAC II BOSQUES SECC IV,55765,20,22,82,TECAMAC
6576,URBANO(A),COLONIA,LOS HEROES TECAMAC II BOSQUES SECC III,55764,20,22,82,TECAMAC
6577,URBANO(A),COLONIA,HEROES TECAMAC II BOSQUES SECC IV,55765,20,22,82,TECAMAC
6577,URBANO(A),COLONIA,LOS HEROES TECAMAC II BOSQUES SECC III,55764,20,22,82,TECAMAC
6578,URBANO(A),COLONIA,HEROES TECAMAC II BOSQUES SECC IV,55765,20,22,82,TECAMAC
6579,URBANO(A),COLONIA,HEROES TECAMAC II BOSQUES SECC IV,55765,20,22,82,TECAMAC
6579,URBANO(A),COLONIA,LOS HEROES TECAMAC II BOSQUES SECC III,55764,20,22,82,TECAMAC
2247,RURAL,COLONIA,LA ASUNCION,55789,20,22,125,TONANITLA
2247,RURAL,COLONIA,LA CHINAMPA,55789,20,22,125,TONANITLA
2247,RURAL,COLONIA,LA CRUZ,55789,20,22,125,TONANITLA
2247,RURAL,COLONIA,RANCHO DE MORA,55789,20,22,125,TONANITLA
2247,RURAL,PUEBLO,SANTA MARIA TONANITLA CENTRO,55789,20,22,125,TONANITLA
2247,RURAL,FRACCIONAMIENTO,VILLAS DE SANTA MARIA,55785,20,22,125,TONANITLA
2247,RURAL,UNIDAD HABITACIONAL,VILLAS DE SANTA MARIA,55789,20,22,125,TONANITLA
2248,URBANO(A),AMPLIACION,AMPLIACION VALLE VERDE,55789,20,22,125,TONANITLA
2248,URBANO(A),COLONIA,LA ASUNCION,55789,20,22,125,TONANITLA
2248,URBANO(A),COLONIA,LA CONCEPCION,55789,20,22,125,TONANITLA
2248,URBANO(A),PUEBLO,SANTA MARIA TONANITLA CENTRO,55789,20,22,125,TONANITLA
2248,URBANO(A),COLONIA,VALLE VERDE,55789,20,22,125,TONANITLA
2249,MIXTO(A),FRACCIONAMIENTO,ACOMULCO,55789,20,22,125,TONANITLA
2249,MIXTO(A),PARAJE,EL CHARCO,55789,20,22,125,TONANITLA
2249,MIXTO(A),COLONIA,LA ASUNCION,55785,20,22,125,TONANITLA
2249,MIXTO(A),COLONIA,LA ASUNCION,55789,20,22,125,TONANITLA
2249,MIXTO(A),COLONIA,LA CONCEPCION,55789,20,22,125,TONANITLA
2249,MIXTO(A),COLONIA,PEMEX,55789,20,22,125,TONANITLA
2249,MIXTO(A),COLONIA,RANCHO DE MORA,55789,20,22,125,TONANITLA
2249,MIXTO(A),COLONIA,RANCHO LA MORA,55789,20,22,125,TONANITLA
2249,MIXTO(A),-,SAN BARTOLO - MOJONERA,55789,20,22,125,TONANITLA
2249,MIXTO(A),COLONIA,SAN JUAN ZACAZONTLA,55789,20,22,125,TONANITLA
2249,MIXTO(A),COLONIA,SAN JUAN ZACAZONTLA,55789,20,22,125,TONANITLA
2249,MIXTO(A),PUEBLO,SANTA MARIA TONANITLA CENTRO,55789,20,22,125,TONANITLA
2249,MIXTO(A),FRACCIONAMIENTO,VILLAS DE TONANITLA,55789,20,22,125,TONANITLA
